email,password_hash
test001@test.com,$2a$10$sIYeLFYu1DOM6PmlXXN.z.gHeYxXoMY1ZeU5rXdR6xcVYye2Ewvqu
test002@test.com,$2a$10$sIYeLFYu1DOM6PmlXXN.z.gHeYxXoMY1ZeU5rXdR6xcVYye2Ewvqu
test003@test.com,$2a$10$sIYeLFYu1DOM6PmlXXN.z.gHeYxXoMY1ZeU5rXdR6xcVYye2Ewvqu
test004@test.com,$2a$10$sIYeLFYu1DOM6PmlXXN.z.gHeYxXoMY1ZeU5rXdR6xcVYye2Ewvqu
test005@test.com,$2a$10$sIYeLFYu1DOM6PmlXXN.z.gHeYxXoMY1ZeU5rXdR6xcVYye2Ewvqu
test006@test.com,$2a$10$sIYeLFYu1DOM6PmlXXN.z.gHeYxXoMY1ZeU5rXdR6xcVYye2Ewvqu
test007@test.com,$2a$10$sIYeLFYu1DOM6PmlXXN.z.gHeYxXoMY1ZeU5rXdR6xcVYye2Ewvqu
test008@test.com,$2a$10$sIYeLFYu1DOM6PmlXXN.z.gHeYxXoMY1ZeU5rXdR6xcVYye2Ewvqu
test009@test.com,$2a$10$sIYeLFYu1DOM6PmlXXN.z.gHeYxXoMY1ZeU5rXdR6xcVYye2Ewvqu
test010@test.com,$2a$10$sIYeLFYu1DOM6PmlXXN.z.gHeYxXoMY1ZeU5rXdR6xcVYye2Ewvqu
test011@test.com,$2a$10$sIYeLFYu1DOM6PmlXXN.z.gHeYxXoMY1ZeU5rXdR6xcVYye2Ewvqu
test012@test.com,$2a$10$sIYeLFYu1DOM6PmlXXN.z.gHeYxXoMY1ZeU5rXdR6xcVYye2Ewvqu
test013@test.com,$2a$10$sIYeLFYu1DOM6PmlXXN.z.gHeYxXoMY1ZeU5rXdR6xcVYye2Ewvqu
test014@test.com,$2a$10$sIYeLFYu1DOM6PmlXXN.z.gHeYxXoMY1ZeU5rXdR6xcVYye2Ewvqu
test015@test.com,$2a$10$sIYeLFYu1DOM6PmlXXN.z.gHeYxXoMY1ZeU5rXdR6xcVYye2Ewvqu
test016@test.com,$2a$10$sIYeLFYu1DOM6PmlXXN.z.gHeYxXoMY1ZeU5rXdR6xcVYye2Ewvqu
test017@test.com,$2a$10$sIYeLFYu1DOM6PmlXXN.z.gHeYxXoMY1ZeU5rXdR6xcVYye2Ewvqu
test018@test.com,$2a$10$sIYeLFYu1DOM6PmlXXN.z.gHeYxXoMY1ZeU5rXdR6xcVYye2Ewvqu
test019@test.com,$2a$10$sIYeLFYu1DOM6PmlXXN.z.gHeYxXoMY1ZeU5rXdR6xcVYye2Ewvqu
test020@test.com,$2a$10$sIYeLFYu1DOM6PmlXXN.z.gHeYxXoMY1ZeU5rXdR6xcVYye2Ewvqu
test021@test.com,$2a$10$sIYeLFYu1DOM6PmlXXN.z.gHeYxXoMY1ZeU5rXdR6xcVYye2Ewvqu
test022@test.com,$2a$10$sIYeLFYu1DOM6PmlXXN.z.gHeYxXoMY1ZeU5rXdR6xcVYye2Ewvqu
test023@test.com,$2a$10$sIYeLFYu1DOM6PmlXXN.z.gHeYxXoMY1ZeU5rXdR6xcVYye2Ewvqu
test024@test.com,$2a$10$sIYeLFYu1DOM6PmlXXN.z.gHeYxXoMY1ZeU5rXdR6xcVYye2Ewvqu
test025@test.com,$2a$10$sIYeLFYu1DOM6PmlXXN.z.gHeYxXoMY1ZeU5rXdR6xcVYye2Ewvqu
test026@test.com,$2a$10$sIYeLFYu1DOM6PmlXXN.z.gHeYxXoMY1ZeU5rXdR6xcVYye2Ewvqu
test027@test.com,$2a$10$sIYeLFYu1DOM6PmlXXN.z.gHeYxXoMY1ZeU5rXdR6xcVYye2Ewvqu
test028@test.com,$2a$10$sIYeLFYu1DOM6PmlXXN.z.gHeYxXoMY1ZeU5rXdR6xcVYye2Ewvqu
test029@test.com,$2a$10$sIYeLFYu1DOM6PmlXXN.z.gHeYxXoMY1ZeU5rXdR6xcVYye2Ewvqu
test030@test.com,$2a$10$sIYeLFYu1DOM6PmlXXN.z.gHeYxXoMY1ZeU5rXdR6xcVYye2Ewvqu
test031@test.com,$2a$10$sIYeLFYu1DOM6PmlXXN.z.gHeYxXoMY1ZeU5rXdR6xcVYye2Ewvqu
test032@test.com,$2a$10$sIYeLFYu1DOM6PmlXXN.z.gHeYxXoMY1ZeU5rXdR6xcVYye2Ewvqu
test033@test.com,$2a$10$sIYeLFYu1DOM6PmlXXN.z.gHeYxXoMY1ZeU5rXdR6xcVYye2Ewvqu
test034@test.com,$2a$10$sIYeLFYu1DOM6PmlXXN.z.gHeYxXoMY1ZeU5rXdR6xcVYye2Ewvqu
test035@test.com,$2a$10$sIYeLFYu1DOM6PmlXXN.z.gHeYxXoMY1ZeU5rXdR6xcVYye2Ewvqu
test036@test.com,$2a$10$sIYeLFYu1DOM6PmlXXN.z.gHeYxXoMY1ZeU5rXdR6xcVYye2Ewvqu
test037@test.com,$2a$10$sIYeLFYu1DOM6PmlXXN.z.gHeYxXoMY1ZeU5rXdR6xcVYye2Ewvqu
test038@test.com,$2a$10$sIYeLFYu1DOM6PmlXXN.z.gHeYxXoMY1ZeU5rXdR6xcVYye2Ewvqu
test039@test.com,$2a$10$sIYeLFYu1DOM6PmlXXN.z.gHeYxXoMY1ZeU5rXdR6xcVYye2Ewvqu
test040@test.com,$2a$10$sIYeLFYu1DOM6PmlXXN.z.gHeYxXoMY1ZeU5rXdR6xcVYye2Ewvqu
test041@test.com,$2a$10$sIYeLFYu1DOM6PmlXXN.z.gHeYxXoMY1ZeU5rXdR6xcVYye2Ewvqu
test042@test.com,$2a$10$sIYeLFYu1DOM6PmlXXN.z.gHeYxXoMY1ZeU5rXdR6xcVYye2Ewvqu
test043@test.com,$2a$10$sIYeLFYu1DOM6PmlXXN.z.gHeYxXoMY1ZeU5rXdR6xcVYye2Ewvqu
test044@test.com,$2a$10$sIYeLFYu1DOM6PmlXXN.z.gHeYxXoMY1ZeU5rXdR6xcVYye2Ewvqu
test045@test.com,$2a$10$sIYeLFYu1DOM6PmlXXN.z.gHeYxXoMY1ZeU5rXdR6xcVYye2Ewvqu
test046@test.com,$2a$10$sIYeLFYu1DOM6PmlXXN.z.gHeYxXoMY1ZeU5rXdR6xcVYye2Ewvqu
test047@test.com,$2a$10$sIYeLFYu1DOM6PmlXXN.z.gHeYxXoMY1ZeU5rXdR6xcVYye2Ewvqu
test048@test.com,$2a$10$sIYeLFYu1DOM6PmlXXN.z.gHeYxXoMY1ZeU5rXdR6xcVYye2Ewvqu
test049@test.com,$2a$10$sIYeLFYu1DOM6PmlXXN.z.gHeYxXoMY1ZeU5rXdR6xcVYye2Ewvqu
test050@test.com,$2a$10$sIYeLFYu1DOM6PmlXXN.z.gHeYxXoMY1ZeU5rXdR6xcVYye2Ewvqu
test051@test.com,$2a$10$sIYeLFYu1DOM6PmlXXN.z.gHeYxXoMY1ZeU5rXdR6xcVYye2Ewvqu
test052@test.com,$2a$10$sIYeLFYu1DOM6PmlXXN.z.gHeYxXoMY1ZeU5rXdR6xcVYye2Ewvqu
test053@test.com,$2a$10$sIYeLFYu1DOM6PmlXXN.z.gHeYxXoMY1ZeU5rXdR6xcVYye2Ewvqu
test054@test.com,$2a$10$sIYeLFYu1DOM6PmlXXN.z.gHeYxXoMY1ZeU5rXdR6xcVYye2Ewvqu
test055@test.com,$2a$10$sIYeLFYu1DOM6PmlXXN.z.gHeYxXoMY1ZeU5rXdR6xcVYye2Ewvqu
test056@test.com,$2a$10$sIYeLFYu1DOM6PmlXXN.z.gHeYxXoMY1ZeU5rXdR6xcVYye2Ewvqu
test057@test.com,$2a$10$sIYeLFYu1DOM6PmlXXN.z.gHeYxXoMY1ZeU5rXdR6xcVYye2Ewvqu
test058@test.com,$2a$10$sIYeLFYu1DOM6PmlXXN.z.gHeYxXoMY1ZeU5rXdR6xcVYye2Ewvqu
test059@test.com,$2a$10$sIYeLFYu1DOM6PmlXXN.z.gHeYxXoMY1ZeU5rXdR6xcVYye2Ewvqu
test060@test.com,$2a$10$sIYeLFYu1DOM6PmlXXN.z.gHeYxXoMY1ZeU5rXdR6xcVYye2Ewvqu
test061@test.com,$2a$10$sIYeLFYu1DOM6PmlXXN.z.gHeYxXoMY1ZeU5rXdR6xcVYye2Ewvqu
test062@test.com,$2a$10$sIYeLFYu1DOM6PmlXXN.z.gHeYxXoMY1ZeU5rXdR6xcVYye2Ewvqu
test063@test.com,$2a$10$sIYeLFYu1DOM6PmlXXN.z.gHeYxXoMY1ZeU5rXdR6xcVYye2Ewvqu
test064@test.com,$2a$10$sIYeLFYu1DOM6PmlXXN.z.gHeYxXoMY1ZeU5rXdR6xcVYye2Ewvqu
test065@test.com,$2a$10$sIYeLFYu1DOM6PmlXXN.z.gHeYxXoMY1ZeU5rXdR6xcVYye2Ewvqu
test066@test.com,$2a$10$sIYeLFYu1DOM6PmlXXN.z.gHeYxXoMY1ZeU5rXdR6xcVYye2Ewvqu
test067@test.com,$2a$10$sIYeLFYu1DOM6PmlXXN.z.gHeYxXoMY1ZeU5rXdR6xcVYye2Ewvqu
test068@test.com,$2a$10$sIYeLFYu1DOM6PmlXXN.z.gHeYxXoMY1ZeU5rXdR6xcVYye2Ewvqu
test069@test.com,$2a$10$sIYeLFYu1DOM6PmlXXN.z.gHeYxXoMY1ZeU5rXdR6xcVYye2Ewvqu
test070@test.com,$2a$10$sIYeLFYu1DOM6PmlXXN.z.gHeYxXoMY1ZeU5rXdR6xcVYye2Ewvqu
test071@test.com,$2a$10$sIYeLFYu1DOM6PmlXXN.z.gHeYxXoMY1ZeU5rXdR6xcVYye2Ewvqu
test072@test.com,$2a$10$sIYeLFYu1DOM6PmlXXN.z.gHeYxXoMY1ZeU5rXdR6xcVYye2Ewvqu
test073@test.com,$2a$10$sIYeLFYu1DOM6PmlXXN.z.gHeYxXoMY1ZeU5rXdR6xcVYye2Ewvqu
test074@test.com,$2a$10$sIYeLFYu1DOM6PmlXXN.z.gHeYxXoMY1ZeU5rXdR6xcVYye2Ewvqu
test075@test.com,$2a$10$sIYeLFYu1DOM6PmlXXN.z.gHeYxXoMY1ZeU5rXdR6xcVYye2Ewvqu
test076@test.com,$2a$10$sIYeLFYu1DOM6PmlXXN.z.gHeYxXoMY1ZeU5rXdR6xcVYye2Ewvqu
test077@test.com,$2a$10$sIYeLFYu1DOM6PmlXXN.z.gHeYxXoMY1ZeU5rXdR6xcVYye2Ewvqu
test078@test.com,$2a$10$sIYeLFYu1DOM6PmlXXN.z.gHeYxXoMY1ZeU5rXdR6xcVYye2Ewvqu
test079@test.com,$2a$10$sIYeLFYu1DOM6PmlXXN.z.gHeYxXoMY1ZeU5rXdR6xcVYye2Ewvqu
test080@test.com,$2a$10$sIYeLFYu1DOM6PmlXXN.z.gHeYxXoMY1ZeU5rXdR6xcVYye2Ewvqu
test081@test.com,$2a$10$sIYeLFYu1DOM6PmlXXN.z.gHeYxXoMY1ZeU5rXdR6xcVYye2Ewvqu
test082@test.com,$2a$10$sIYeLFYu1DOM6PmlXXN.z.gHeYxXoMY1ZeU5rXdR6xcVYye2Ewvqu
test083@test.com,$2a$10$sIYeLFYu1DOM6PmlXXN.z.gHeYxXoMY1ZeU5rXdR6xcVYye2Ewvqu
test084@test.com,$2a$10$sIYeLFYu1DOM6PmlXXN.z.gHeYxXoMY1ZeU5rXdR6xcVYye2Ewvqu
test085@test.com,$2a$10$sIYeLFYu1DOM6PmlXXN.z.gHeYxXoMY1ZeU5rXdR6xcVYye2Ewvqu
test086@test.com,$2a$10$sIYeLFYu1DOM6PmlXXN.z.gHeYxXoMY1ZeU5rXdR6xcVYye2Ewvqu
test087@test.com,$2a$10$sIYeLFYu1DOM6PmlXXN.z.gHeYxXoMY1ZeU5rXdR6xcVYye2Ewvqu
test088@test.com,$2a$10$sIYeLFYu1DOM6PmlXXN.z.gHeYxXoMY1ZeU5rXdR6xcVYye2Ewvqu
test089@test.com,$2a$10$sIYeLFYu1DOM6PmlXXN.z.gHeYxXoMY1ZeU5rXdR6xcVYye2Ewvqu
test090@test.com,$2a$10$sIYeLFYu1DOM6PmlXXN.z.gHeYxXoMY1ZeU5rXdR6xcVYye2Ewvqu
test091@test.com,$2a$10$sIYeLFYu1DOM6PmlXXN.z.gHeYxXoMY1ZeU5rXdR6xcVYye2Ewvqu
test092@test.com,$2a$10$sIYeLFYu1DOM6PmlXXN.z.gHeYxXoMY1ZeU5rXdR6xcVYye2Ewvqu
test093@test.com,$2a$10$sIYeLFYu1DOM6PmlXXN.z.gHeYxXoMY1ZeU5rXdR6xcVYye2Ewvqu
test094@test.com,$2a$10$sIYeLFYu1DOM6PmlXXN.z.gHeYxXoMY1ZeU5rXdR6xcVYye2Ewvqu
test095@test.com,$2a$10$sIYeLFYu1DOM6PmlXXN.z.gHeYxXoMY1ZeU5rXdR6xcVYye2Ewvqu
test096@test.com,$2a$10$sIYeLFYu1DOM6PmlXXN.z.gHeYxXoMY1ZeU5rXdR6xcVYye2Ewvqu
test097@test.com,$2a$10$sIYeLFYu1DOM6PmlXXN.z.gHeYxXoMY1ZeU5rXdR6xcVYye2Ewvqu
test098@test.com,$2a$10$sIYeLFYu1DOM6PmlXXN.z.gHeYxXoMY1ZeU5rXdR6xcVYye2Ewvqu
test099@test.com,$2a$10$sIYeLFYu1DOM6PmlXXN.z.gHeYxXoMY1ZeU5rXdR6xcVYye2Ewvqu
test100@test.com,$2a$10$sIYeLFYu1DOM6PmlXXN.z.gHeYxXoMY1ZeU5rXdR6xcVYye2Ewvqu